{
  "generated_at": "2025-12-01T18:39:49.556511",
  "n_runs": 10,
  "accuracy_mean": 0.99841,
  "epoch_time_mean": 20.61
}