env,mean,median,std,min,max,count
AWS,58.3,56.0,8.107235825315106,53,82,100
Azure,52.27,48.0,10.056260927322034,47,87,100
Control,20.61,20.0,2.9020891116782095,17,32,100
