{
  "generated_at": "2025-12-03T18:51:07.240746",
  "timing": [
    {
      "env": "AWS",
      "mean": 58.3,
      "median": 56.0,
      "std": 8.107235825315106,
      "min": 53,
      "max": 82,
      "count": 100
    },
    {
      "env": "Azure",
      "mean": 52.27,
      "median": 48.0,
      "std": 10.056260927322034,
      "min": 47,
      "max": 87,
      "count": 100
    },
    {
      "env": "Control",
      "mean": 20.61,
      "median": 20.0,
      "std": 2.9020891116782095,
      "min": 17,
      "max": 32,
      "count": 100
    }
  ],
  "accuracy": [
    {
      "env": "Azure",
      "mean": 0.9982300000000001,
      "std": 0.0006912950809089738,
      "min": 0.997,
      "max": 0.9993000000000001,
      "count": 10
    },
    {
      "env": "Control",
      "mean": 0.99841,
      "std": 0.0013649989824985845,
      "min": 0.9954000000000001,
      "max": 0.9995999999999999,
      "count": 10
    }
  ]
}