env,mean,std,min,max,count
Azure,0.9982300000000001,0.0006912950809089738,0.997,0.9993000000000001,10
Control,0.99841,0.0013649989824985845,0.9954000000000001,0.9995999999999999,10
